BARRIO,Accidentes,Heridos,Daños,Muertos,cluster,LONGITUD,ALTITUD
aguasfrias,1.0921052631578947,0.8157894736842105,0.27631578947368424,0.0,0,-75.62632779628916,6.234375534155302
aldeapablovi,1.064102564102564,0.8333333333333334,0.23076923076923078,0.0,0,-75.5424182953012,6.288292448964338
alejandroechavarría,3.099099099099099,2.1681681681681684,0.924924924924925,0.006006006006006006,2,-75.54633373123934,6.237270714693721
alejandría,2.1683848797250858,0.6804123711340206,1.4879725085910653,0.0,0,-75.57063877474643,6.201358439308716
alfonsolópez,3.3105413105413106,2.324786324786325,0.9857549857549858,0.0,2,-75.57480804043976,6.2835717512833815
altamira,2.4824281150159746,1.5207667731629393,0.9616613418530351,0.0,0,-75.58201905394338,6.279208383208597
altavista,1.6157205240174672,0.9737991266375545,0.6419213973799127,0.0,0,-75.60720723582162,6.2242793058839725
altavistasectorcentral,1.3694267515923566,1.1146496815286624,0.25477707006369427,0.0,0,-75.62166855227443,6.221905368023023
altosdelpoblado,1.4471153846153846,0.7259615384615384,0.7163461538461539,0.004807692307692308,0,-75.55366945915947,6.2105286444911965
andalucía,1.5229885057471264,1.0747126436781609,0.4482758620689655,0.0,0,-75.55557815073207,6.298153568724076
antonionariño,1.446236559139785,1.10752688172043,0.33870967741935487,0.0,0,-75.62166969036431,6.257440211101487
aranjuez,1.7888446215139442,1.2868525896414342,0.50199203187251,0.0,0,-75.56180282380178,6.28070170337755
areadeexpansionaltavista,1.037037037037037,0.8148148148148148,0.2222222222222222,0.0,0,-75.61378874785714,6.221510543028215
areadeexpansionaltosdecalasanz,1.0,0.25,0.75,0.0,0,-75.60476832512501,6.270369653345
areadeexpansionbelenrincon,1.0,0.18181818181818182,0.8181818181818181,0.0,0,-75.60806853390909,6.21572579695
asomaderano.1,2.7125,1.25625,1.4500000000000002,0.00625,0,-75.56431146718434,6.2280694128231
asomaderano.2,2.106164383561644,0.7705479452054794,1.3356164383561644,0.0,0,-75.5621132736504,6.216838024347382
asomaderano.3,1.2452830188679245,0.5566037735849056,0.6886792452830188,0.0,0,-75.5587919317197,6.217111248897804
astorga,1.5679611650485437,0.5485436893203883,1.0194174757281553,0.0,0,-75.57293198430649,6.209458970527121
auc1,1.1538461538461537,1.0,0.15384615384615385,0.0,0,-75.63633951799999,6.27755368088
auc2,1.0,1.0,0.0,0.0,0,-75.648485516,6.18697512124
auresno.1,1.9828767123287672,1.5616438356164384,0.4212328767123288,0.0,0,-75.59385685976856,6.28592288777684
auresno.2,2.342948717948718,1.8397435897435896,0.5032051282051282,0.0,0,-75.5918371696662,6.288509395020315
b.cerroelvolador,1.3353658536585367,0.8475609756097561,0.4878048780487805,0.0,0,-75.5836846606895,6.264595431839178
barriocaicedo,2.966292134831461,1.8960674157303372,1.0674157303370786,0.0028089887640449437,2,-75.55415375440909,6.242495256066969
barriocolombia,3.657142857142857,1.5942857142857143,2.06,0.002857142857142857,2,-75.57392351883905,6.2269003015375155
barriocolón,12.229508196721314,4.863387978142076,7.352459016393442,0.01366120218579235,1,-75.5689519001852,6.242592591826153
barriocristóbal,1.210144927536232,0.6739130434782609,0.5362318840579711,0.0,0,-75.60947356231736,6.248027703774312
barriodejesús,1.6816326530612244,1.1510204081632653,0.5224489795918368,0.00816326530612245,0,-75.53626410313349,6.230602922577136
barriosdejesús,1.0,0.5,0.5,0.0,0,-75.532260575,6.22777580595
batallóngirardot,1.0,0.8333333333333334,0.16666666666666666,0.0,0,-75.54813925566667,6.2601349629083325
belalcázar,2.3474025974025974,1.2792207792207793,1.0681818181818181,0.0,0,-75.56615798367497,6.2963658452275935
belencito,1.267605633802817,0.9295774647887324,0.33802816901408445,0.0,0,-75.61840262959444,6.246492066800944
bellohorizonte,1.540084388185654,1.0337552742616034,0.5063291139240507,0.0,0,-75.58991027863561,6.282313662537178
belén,8.07103825136612,3.3961748633879782,4.666666666666667,0.00819672131147541,1,-75.59988352039439,6.231787284671124
berlin,2.915942028985507,1.9855072463768115,0.9246376811594202,0.005797101449275362,2,-75.55570018204175,6.284845662000179
berlín,1.1,0.85,0.25,0.0,0,-75.55580813427274,6.28497546925
bermejal-losalamos,1.4739884393063585,1.0635838150289016,0.4046242774566474,0.005780346820809248,0,-75.56534144540392,6.280806773240314
betania,1.1696428571428572,0.8571428571428572,0.31250000000000006,0.0,0,-75.62129225009161,6.244339239311451
blanquizal,1.131578947368421,0.7631578947368421,0.3684210526315789,0.0,0,-75.6051943435,6.2747686962773255
bolivariana,2.607361963190184,1.2300613496932515,1.3742331288343559,0.003067484662576687,0,-75.59030439090589,6.245809774505611
bombonáno.1,3.9916201117318435,1.835195530726257,2.1508379888268156,0.00558659217877095,2,-75.562720314655,6.243210963273366
bombonáno.2,1.7449392712550607,1.0728744939271255,0.6680161943319837,0.004048582995951417,0,-75.54505124396287,6.228541621777889
boqueron,1.0,1.0,0.0,0.0,0,-75.653774298,6.30405533732
bosquesdesanpablo,1.59375,0.8035714285714286,0.7901785714285714,0.0,0,-75.58123965645659,6.275380777836583
boston,7.5136612021857925,3.9808743169398912,3.527322404371585,0.00546448087431694,1,-75.55924091160217,6.2475929776142145
boyacá,2.282608695652174,1.4782608695652173,0.8043478260869565,0.0,0,-75.5658055763864,6.303550505654898
brasilia,2.1700680272108843,1.564625850340136,0.6054421768707483,0.0,0,-75.55953261445454,6.273837492209357
buenosaires,3.3333333333333335,2.0395480225988702,1.2937853107344632,0.0,2,-75.55624318205592,6.239911817089618
bugapatiobonito,1.1111111111111112,0.7111111111111111,0.4,0.0,0,-75.63537376469999,6.2215168562686
cabecerasanantoniodeprado,10.188524590163937,5.868852459016393,4.295081967213115,0.02459016393442623,1,-75.64580019910888,6.177512833054657
cabeceraurbanasancristobal,2.2549668874172184,1.576158940397351,0.6754966887417219,0.0033112582781456954,0,-75.63345708645375,6.278200227532277
calasanz,2.6435045317220545,1.3051359516616314,1.338368580060423,0.0,0,-75.59855777498056,6.26264589962592
calasanzpartealta,1.8118466898954704,0.9825783972125436,0.8292682926829268,0.0,0,-75.60152924459808,6.266167575207827
callenueva,5.580110497237569,2.0718232044198897,3.5027624309392267,0.0055248618784530384,2,-75.57403179515693,6.239845403428658
campoalegre,2.1368078175895766,1.50814332247557,0.6254071661237784,0.003257328990228013,0,-75.61164370258841,6.25354789128061
campoamor,13.991803278688526,6.601092896174864,7.368852459016394,0.02185792349726776,1,-75.58190379763815,6.2132513947875765
campovaldésno.1,4.160664819944598,3.1163434903047094,1.0332409972299168,0.0110803324099723,2,-75.55656479949069,6.27290749086006
campovaldésno.2,3.2202898550724637,2.643478260869565,0.5739130434782609,0.002898550724637681,2,-75.55285277114132,6.272709388164941
caribe,13.245901639344265,6.816939890710382,6.407103825136612,0.02185792349726776,1,-75.57452538081229,6.26892540451005
carlose.restrepo,9.114754098360656,4.191256830601093,4.909836065573771,0.01366120218579235,1,-75.58058048104317,6.256573161493501
carpinelo,1.1875,0.9531249999999999,0.234375,0.0,0,-75.53925540561185,6.287860166387368
castilla,7.91256830601093,5.948087431693989,1.959016393442623,0.00546448087431694,1,-75.57168825287431,6.289618173294306
castropol,3.9971264367816093,1.7816091954022988,2.2155172413793105,0.0,2,-75.56839366093314,6.219440626740647
cataluña,1.47196261682243,0.8037383177570093,0.6682242990654206,0.0,0,-75.55170687479684,6.231358697265492
cementeriouniversal,1.3567567567567567,0.6486486486486487,0.708108108108108,0.0,0,-75.57381798368526,6.276601200230877
centroadministrativo,1.7061611374407584,0.8815165876777251,0.8246445497630331,0.0,0,-75.57471869243889,6.242459315018694
cerronutibara,3.348441926345609,1.7733711048158638,1.5694050991501416,0.0056657223796034,2,-75.57790926512351,6.234129587062496
corazóndejesús,7.458791208791209,2.9862637362637363,4.461538461538462,0.01098901098901099,1,-75.57747424056906,6.249133609886055
cristorey,6.447802197802198,3.3076923076923075,3.1373626373626373,0.0027472527472527475,2,-75.58481489494632,6.205524401239127
cuartabrigada,3.8960674157303368,2.0224719101123596,1.8679775280898876,0.0056179775280898875,2,-75.58809549331002,6.260315581589237
cucaracho,3.0679886685552407,2.223796033994334,0.8385269121813032,0.0056657223796034,2,-75.60297067012927,6.279666854757304
córdoba,2.075907590759076,1.3927392739273927,0.6831683168316832,0.0,0,-75.57768517080446,6.279742101440302
diegoechavarría,1.7728937728937728,0.9047619047619048,0.8644688644688645,0.003663003663003663,0,-75.59558700075,6.213705188802645
docedeoctubreno.1,2.0,1.5694915254237287,0.43050847457627117,0.0,0,-75.57962236073558,6.306436186737644
docedeoctubreno.2,2.225,1.7375,0.484375,0.003125,0,-75.58029074688062,6.300442944174144
eduardosantos,1.04,0.74,0.3,0.0,0,-75.62793935503846,6.258174621815962
elastillero,1.0,1.0,0.0,0.0,0,-75.67061971275,6.2325020844225
elcastillo,1.768939393939394,0.6363636363636364,1.1325757575757576,0.0,0,-75.57413896463598,6.192708668771756
elchagualo,5.978082191780822,3.0794520547945203,2.8904109589041096,0.00821917808219178,2,-75.57172944636022,6.260371031818392
elcompromiso,1.2983870967741935,0.9596774193548386,0.33870967741935487,0.0,0,-75.54416477742858,6.2874762444889445
elcorazonelmorro,1.0,0.7058823529411765,0.2941176470588235,0.0,0,-75.63392497970588,6.248003042271765
elcorazón,1.184873949579832,0.8655462184873951,0.31932773109243695,0.0,0,-75.6258221782766,6.246855344688724
eldanubio,1.6901960784313725,1.1058823529411765,0.5764705882352941,0.00784313725490196,0,-75.6085006007935,6.25213289411594
eldiamante,3.2349570200573066,2.3868194842406876,0.8452722063037249,0.0028653295128939827,2,-75.5864885311993,6.284879929903827
eldiamanteno.2,1.5336322869955157,0.4977578475336323,1.0358744394618835,0.0,0,-75.57521615992982,6.186716019588948
elestadio,3.2750716332378222,1.8194842406876792,1.452722063037249,0.0028653295128939827,2,-75.59584402628872,6.259505676137769
elllanose,1.0,0.0,1.0,0.0,0,-75.504569111,6.19302033492
elnogal-losalmendros,1.7765151515151516,0.803030303030303,0.9734848484848485,0.0,0,-75.59592090217058,6.237747505815821
elpesebre,1.3967391304347827,0.9347826086956521,0.45652173913043476,0.005434782608695652,0,-75.59854337058366,6.272182328850194
elpicacho,1.0,0.7692307692307693,0.23076923076923078,0.0,0,-75.59120414576923,6.296918371565
elpinal,2.1719298245614036,1.4421052631578948,0.7298245614035088,0.0,0,-75.54606568187398,6.243368367553521
elplan,1.0,1.0,0.0,0.0,0,-75.51351421,6.20442608868
elpoblado,4.7,1.5194444444444444,3.1777777777777776,0.002777777777777778,2,-75.56854000125827,6.209560657223954
elpomar,1.7028112449799198,1.2891566265060241,0.41365461847389556,0.0,0,-75.55313400949764,6.267971342750849
elprogreso,5.489010989010989,2.7747252747252746,2.711538461538462,0.0027472527472527475,2,-75.57741604508158,6.273825832737092
elprogresono.2,1.2459016393442623,0.8770491803278689,0.36885245901639346,0.0,0,-75.58321652730262,6.306551553210723
elraizal,2.080267558528428,1.5518394648829432,0.5284280936454849,0.0,0,-75.54632916395498,6.268836451199566
elrincón,3.0689655172413794,1.8735632183908049,1.1954022988505748,0.0,2,-75.60273039766948,6.21142384791999
elrodeo,1.3708609271523178,0.847682119205298,0.5165562913907285,0.006622516556291391,0,-75.59422350773913,6.2049322366287445
elsalado,1.3355263157894737,0.9802631578947368,0.35526315789473684,0.0,0,-75.62575313307882,6.254089179863103
elsalvador,2.30794701986755,1.466887417218543,0.8410596026490066,0.0,0,-75.56237883218508,6.237003328337202
elsocorro,1.144927536231884,0.8695652173913043,0.2608695652173913,0.014492753623188406,0,-75.61768436281012,6.25962684322962
eltesoro,2.451104100946372,0.9716088328075709,1.4794952681388012,0.0,0,-75.55809843885329,6.201760625549807
eltriunfo,1.0476190476190477,0.8412698412698413,0.20634920634920634,0.0,0,-75.5849068701212,6.307789488735606
eluvito,1.0,1.0,0.0,0.0,0,-75.649938879,6.2849548553
elvelódromo,2.5440251572327046,1.3459119496855345,1.1981132075471697,0.0,0,-75.59686066262051,6.253832564372583
elvergel,1.0,0.8333333333333334,0.16666666666666666,0.0,0,-75.652770481,6.169054388015
enciso,2.3461538461538463,1.7211538461538463,0.6250000000000001,0.0,0,-75.55113819401775,6.248928855086106
estaciónvilla,4.588888888888889,2.2888888888888888,2.3,0.0,2,-75.56978163465557,6.255843312024225
facultaddeminasu.nacional,3.8523676880222837,2.1922005571030643,1.66016713091922,0.0,2,-75.59254154349746,6.273207854000022
facultadveterinariayzootecniau.de.a.,1.2461538461538462,0.7384615384615385,0.5076923076923077,0.0,0,-75.5887203608395,6.27087336247321
ferrini,1.5118483412322274,0.7962085308056872,0.7109004739336493,0.004739336492890996,0,-75.59710801319436,6.268189994314827
florencia,1.7118644067796611,1.1398305084745763,0.5720338983050848,0.0,0,-75.5675208122401,6.309799349069158
floridanueva,2.940119760479042,1.5239520958083832,1.4161676646706587,0.0,2,-75.5908682320784,6.250046797279959
franciscoantoniozea,2.108843537414966,1.4285714285714286,0.6802721088435375,0.0,0,-75.57266948856936,6.284970166745468
fuenteclara,1.336,1.112,0.20800000000000002,0.016,0,-75.60582217802396,6.27623909239521
fátima,3.6379310344827585,1.9367816091954022,1.6982758620689655,0.0028735632183908046,2,-75.58542398180332,6.234461643852685
gerona,1.9100346020761247,1.3217993079584776,0.588235294117647,0.0,0,-75.55949351363587,6.238165010508913
girardot,2.8645533141210375,2.037463976945245,0.8270893371757925,0.0,2,-75.56882343763782,6.29638060449823
granada,1.887323943661972,0.9154929577464789,0.9718309859154931,0.0,0,-75.59344311936381,6.229842197211175
granizal,1.626086956521739,1.0,0.6260869565217392,0.0,0,-75.5468369174091,6.292404981356631
guayabal,7.076502732240437,3.387978142076503,3.6748633879781423,0.01366120218579235,1,-75.58584136907413,6.199161542514738
guayaquil,9.597260273972605,3.901369863013698,5.6876712328767125,0.00821917808219178,1,-75.57284667649158,6.246759211145943
hospitalsanvicentedepaúl,1.278688524590164,0.6557377049180327,0.6229508196721312,0.0,0,-75.56629234323077,6.262274272681859
héctorabadgómez,3.5112359550561796,2.1123595505617976,1.3820224719101126,0.016853932584269662,2,-75.5594201769104,6.300917429259016
inst,1.296551724137931,0.6620689655172414,0.6344827586206897,0.0,0,-75.58209119502128,6.24718828192484
jardínbotánico,1.3803680981595092,0.7116564417177914,0.6687116564417178,0.0,0,-75.56472467027112,6.269978950039778
jesúsnazareno,5.978082191780822,3.2849315068493152,2.684931506849315,0.00821917808219178,2,-75.5685810403483,6.258807119328909
juanpabloii,1.0465116279069768,0.883720930232558,0.16279069767441862,0.0,0,-75.52931891597778,6.2297962306671115
juanxxiiilaquiebra,1.2027027027027026,0.8445945945945946,0.3581081081081081,0.0,0,-75.61331962136518,6.264393881311068
kennedy,3.0,2.115273775216138,0.8818443804034583,0.002881844380403458,2,-75.58309699091738,6.288455552521028
laaguacatala,6.447513812154696,2.6464088397790055,3.798342541436464,0.0027624309392265192,2,-75.57821830263539,6.198226597818197
laalpujarra,7.531506849315068,2.8794520547945206,4.6438356164383565,0.00821917808219178,1,-75.5762656774147,6.245360523950756
laamérica,3.9337016574585637,2.041436464088398,1.8867403314917128,0.0055248618784530384,2,-75.60449792334691,6.25079549018276
laavanzada,1.303030303030303,1.0,0.30303030303030304,0.0,0,-75.54006066107442,6.294639200368465
lacandelaria,16.07103825136612,6.685792349726776,9.366120218579235,0.01912568306010929,1,-75.56611856719942,6.248779371133498
lacastellana,2.5903614457831323,1.2560240963855422,1.3343373493975903,0.0,0,-75.60592534705349,6.239640345968057
lacolina,2.2411575562700965,1.247588424437299,0.9903536977491961,0.003215434083601286,0,-75.59114305493114,6.199854505348062
lacruz,1.1896551724137931,0.8793103448275862,0.3103448275862069,0.0,0,-75.53948059180435,6.269861878954347
laesperanza,2.400611620795107,1.908256880733945,0.48929663608562685,0.0030581039755351682,0,-75.5768989883172,6.292039458928637
laesperanzano.2,1.269736842105263,1.019736842105263,0.24342105263157895,0.006578947368421052,0,-75.5426600346943,6.290552419718134
lafloresta,2.585889570552147,1.5368098159509203,1.049079754601227,0.0,0,-75.60153178504152,6.256315509685753
laflorida,3.1029411764705883,1.05,2.05,0.0029411764705882353,2,-75.56892822674217,6.204435560902701
lafrancia,1.6621004566210045,1.095890410958904,0.5662100456621004,0.0,0,-75.55423064073901,6.30054007136044
lafrontera,1.3966480446927374,0.9329608938547486,0.4581005586592179,0.00558659217877095,0,-75.55508517877601,6.30475694363992
lagloria,3.200573065902579,1.8166189111747852,1.3839541547277936,0.0,2,-75.60250133340466,6.223200317365111
lahondonada,1.3588235294117648,0.7352941176470589,0.6235294117647059,0.0,0,-75.60185890842423,6.204237757754155
laisla,1.3216374269005848,0.976608187134503,0.3333333333333333,0.011695906432748537,0,-75.54965074694248,6.303018102929425
laladera,1.234375,0.78125,0.453125,0.0,0,-75.55274301437976,6.2519760002089875
lalibertad,1.7228915662650603,1.1325301204819278,0.5903614457831325,0.0,0,-75.5434304645105,6.240182985836853
lalinde,1.273972602739726,0.5,0.773972602739726,0.0,0,-75.56838380086022,6.212491757123333
laloma,1.0,0.6470588235294118,0.35294117647058826,0.0,0,-75.63349768970589,6.267553986267059
lalomadelosbernal,1.0588235294117647,0.38235294117647056,0.6764705882352942,0.0,0,-75.60303594866667,6.218608779545556
lalomaoriental,1.0454545454545454,0.7575757575757576,0.2878787878787879,0.0,0,-75.6233342858116,6.2706487845576815
lamansión,1.6206896551724137,1.0732758620689655,0.5474137931034483,0.0,0,-75.55635867583777,6.259056493809387
lamilagrosa,2.0409556313993176,1.286689419795222,0.7542662116040956,0.0,0,-75.55515352851003,6.235483837597492
lamota,2.065068493150685,1.2157534246575343,0.8493150684931505,0.0,0,-75.59979944616583,6.210833427691459
laoculta,1.0,0.717948717948718,0.2564102564102564,0.02564102564102564,0,-75.66765138638462,6.193247452923334
lapalma,2.124590163934426,1.157377049180328,0.9606557377049181,0.006557377049180328,0,-75.60227088818672,6.228737472592237
lapilarica,2.4210526315789473,1.355263157894737,1.0625,0.003289473684210526,0,-75.58607072657745,6.275383348012351
lapiñuela,1.685483870967742,1.2580645161290323,0.4274193548387097,0.0,0,-75.55642221502393,6.280896424231532
lapradera,1.701195219123506,1.2629482071713147,0.4342629482071713,0.00398406374501992,0,-75.61117270270258,6.26027675604534
larosa,1.4427860696517414,1.099502487562189,0.34328358208955223,0.0,0,-75.5599300503276,6.2908556282226895
lasacacias,4.576177285318559,1.9972299168975067,2.5789473684210527,0.0,2,-75.60084124064952,6.240494076913257
lasalle,2.031347962382445,1.5329153605015673,0.49216300940438873,0.006269592476489028,0,-75.54866862068673,6.28317070838003
lasbrisas,3.3022598870056497,2.036723163841808,1.2570621468926553,0.00847457627118644,2,-75.56366782115825,6.305347620230633
lasesmeraldas,1.4009661835748792,1.0821256038647342,0.3188405797101449,0.0,0,-75.55483616867932,6.2784680734709655
lasestancias,1.5596330275229358,1.2201834862385321,0.3348623853211009,0.0045871559633027525,0,-75.53464586825,6.232884158376589
lasgranjas,3.6954022988505746,2.7672413793103448,0.9224137931034483,0.005747126436781609,2,-75.5492205172955,6.278754556987122
lasierra,1.0526315789473684,0.9473684210526315,0.10526315789473684,0.0,0,-75.5297087292,6.2333002631145
lasindependencias,1.1666666666666667,1.0138888888888888,0.1527777777777778,0.0,0,-75.6230187640119,6.249742575637738
laslomasno.1,2.1396103896103895,0.8051948051948052,1.3311688311688312,0.003246753246753247,0,-75.56262042968436,6.210039275322291
laslomasno.2,1.5873015873015872,0.6626984126984127,0.9246031746031746,0.0,0,-75.557693725455,6.209830143227175
lasmercedes,1.5909090909090908,0.9380165289256199,0.6528925619834711,0.0,0,-75.60853625351689,6.235049590128727
laspalmas,2.3044871794871793,1.314102564102564,0.9871794871794872,0.003205128205128205,0,-75.56160801732962,6.2297576182576355
lasplayas,2.1366666666666667,1.2666666666666666,0.87,0.0,0,-75.59701798545865,6.2198796998468175
lasvioletas,1.6666666666666667,1.0506329113924051,0.6118143459915611,0.004219409282700422,0,-75.61370211809621,6.23303197527962
laureles,4.862359550561798,2.2612359550561796,2.598314606741573,0.0028089887640449437,2,-75.59589745626978,6.2429562743431655
laverde,1.16,0.44,0.72,0.0,0,-75.63948190459482,6.191402122967241
llanaditas,1.0602409638554218,0.7951807228915663,0.26506024096385544,0.0,0,-75.53993418481818,6.25407013249
lomadelosbernal,1.792828685258964,0.8844621513944224,0.9083665338645418,0.0,0,-75.60225450513111,6.218317646937266
lorena,2.970326409495549,1.456973293768546,1.5074183976261128,0.005934718100890208,2,-75.59907287828871,6.2477614227500595
loreto,2.6426426426426426,1.7687687687687688,0.8708708708708709,0.003003003003003003,2,-75.55842626114546,6.231367954196773
losalcázares,1.9225092250922509,1.2029520295202951,0.7195571955719557,0.0,0,-75.6046180993858,6.260355037584262
losalpes,1.8832116788321167,1.1496350364963503,0.7335766423357664,0.0,0,-75.60765077215697,6.231080976543585
losbalsosno.1,1.8022813688212929,0.6045627376425855,1.1901140684410647,0.0076045627376425855,0,-75.56238408762026,6.1892511318359285
losbalsosno.2,2.7963525835866263,0.7082066869300911,2.088145896656535,0.0,0,-75.5724729087326,6.196390681950608
loscerroselvergel,1.4011299435028248,0.9152542372881356,0.4858757062146893,0.0,0,-75.54417096210888,6.232840412869516
loscolores,7.603825136612022,4.628415300546448,2.9644808743169397,0.01092896174863388,1,-75.59469064704994,6.265654853479454
losconquistadores,11.205479452054796,4.994520547945205,6.199999999999999,0.010958904109589041,1,-75.58290657937629,6.240804382291624
losmangos,2.0598006644518274,1.4817275747508305,0.574750830564784,0.0033222591362126247,0,-75.54493947669516,6.250019165773549
losnaranjos,2.367088607594937,0.7531645569620253,1.610759493670886,0.0031645569620253164,0,-75.5598966771992,6.196893498814518
lospinos,3.2956521739130435,1.672463768115942,1.6144927536231883,0.008695652173913044,2,-75.59921907365874,6.250527143333809
losángeles,3.770538243626062,2.303116147308782,1.4560906515580736,0.0113314447592068,2,-75.55830488008039,6.251700906051458
lópezdemesa,3.0512048192771086,2.2981927710843375,0.7530120481927711,0.0,2,-75.58315451437018,6.283784796287798
manila,6.108938547486034,2.1284916201117317,3.977653631284916,0.002793296089385475,2,-75.57486955368495,6.212931894018638
manriquecentralno.1,3.6330532212885154,2.380952380952381,1.2436974789915967,0.008403361344537815,2,-75.55738325327293,6.265376005320239
manriquecentralno.2,2.5198776758409784,1.834862385321101,0.6788990825688074,0.0061162079510703364,2,-75.55468563313228,6.263614061754284
manriqueoriental,3.064139941690962,2.198250728862974,0.8600583090379009,0.0058309037900874635,2,-75.55004058672692,6.264372485726004
maríacanocarambolas,1.1194029850746268,0.835820895522388,0.2835820895522388,0.0,0,-75.53938925005333,6.2840537478164
medialuna,1.0,0.6666666666666666,0.3333333333333333,0.0,0,-75.530800612,6.229442903143333
metropolitano,1.0,0.7209302325581395,0.27906976744186046,0.0,0,-75.60929395144186,6.262730259464652
miradordeldoce,1.0,0.9069767441860465,0.09302325581395349,0.0,0,-75.58292908583721,6.303503007396745
miraflores,2.2987012987012987,1.4902597402597402,0.8084415584415584,0.0,0,-75.55101191916526,6.236903692912642
miranda,3.4248554913294798,2.054913294797688,1.3583815028901733,0.011560693641618497,2,-75.56372515020337,6.274141497775316
miravalle,1.1304347826086956,0.5760869565217391,0.5543478260869565,0.0,0,-75.60063337175,6.235312619622789
monteclaro,1.1869158878504673,0.9158878504672898,0.27102803738317754,0.0,0,-75.60024774329135,6.287380572424882
moravia,3.897142857142857,2.4085714285714284,1.4828571428571429,0.005714285714285714,2,-75.56738700478373,6.275879380921973
moscúno.1,1.5943775100401607,1.0763052208835342,0.5180722891566265,0.0,0,-75.55487046525693,6.2913028553460455
moscúno.2,1.6747967479674797,1.2642276422764227,0.4024390243902439,0.008130081300813009,0,-75.54977474029127,6.289371230332743
naranjal,8.833333333333336,3.90983606557377,4.912568306010929,0.01092896174863388,1,-75.58307326451161,6.2492544919919455
nuevavilladeaburrá,1.3575757575757577,0.6787878787878788,0.6787878787878788,0.0,0,-75.60386641803572,6.234473047980357
nuevavilladelaiguaná,1.9342560553633221,1.1453287197231834,0.7889273356401384,0.0,0,-75.58332835562075,6.261341537429392
nuevosconquistadores,1.2,0.9125,0.2875,0.0,0,-75.62811636670834,6.250367149623854
ochodemarzo,1.0833333333333333,0.7833333333333333,0.3,0.0,0,-75.52891182421538,6.228387507086462
olayaherrera,1.293193717277487,0.9319371727748691,0.34554973821989526,0.015706806282722512,0,-75.61155975936437,6.272930300540121
oleoducto,3.341880341880342,2.0484330484330484,1.2735042735042734,0.019943019943019943,2,-75.57053276745695,6.284120824350298
oriente,1.197674418604651,1.0116279069767442,0.18604651162790697,0.0,0,-75.54398575087379,6.273095584394467
pablovi,1.1237113402061856,0.7835051546391752,0.3402061855670103,0.0,0,-75.55348840873394,6.3035049463126605
pajarito,1.2980132450331126,0.9072847682119204,0.39072847682119205,0.0,0,-75.60603945581123,6.282238784342704
palenque,1.5022421524663676,0.8923766816143499,0.6098654708520179,0.0,0,-75.5948908400806,6.278271708371253
palermo,1.9295774647887325,1.2816901408450705,0.647887323943662,0.0,0,-75.56468415640329,6.2861597395196345
palmitassectorcentral,1.0,1.0,0.0,0.0,0,-75.70166455649999,6.34751222783
parquejuanpabloii,2.9911242603550297,1.7366863905325443,1.2455621301775146,0.008875739644970414,2,-75.5900722861919,6.221382360648418
parquenorte,1.311764705882353,0.6823529411764706,0.6235294117647059,0.0058823529411764705,0,-75.56734717636772,6.270259330917085
patiobonito,3.4188034188034186,1.376068376068376,2.0313390313390314,0.011396011396011397,2,-75.57593040070999,6.206918654740108
pedregal,2.974285714285714,2.357142857142857,0.6142857142857143,0.002857142857142857,2,-75.57373039503074,6.3009491522448515
pedregalalto,1.0508474576271187,0.8135593220338984,0.23728813559322035,0.0,0,-75.63259606901613,6.282899080395322
pedregalbajo,1.09375,0.90625,0.1875,0.0,0,-75.62744648802857,6.2796358722535714
perpetuosocorro,13.87978142076503,6.516393442622951,7.33879781420765,0.02459016393442623,1,-75.57391417934429,6.233726661305523
picachito,1.1704545454545454,0.9545454545454545,0.2159090909090909,0.0,0,-75.58580613387379,6.299004903058349
picacho,2.6676557863501484,2.0741839762611276,0.5905044510385755,0.002967359050445104,2,-75.58436750750613,6.295031794760323
piedrasblancas,1.161904761904762,0.8952380952380954,0.2571428571428571,0.009523809523809525,0,-75.536697315,6.264001885105082
piedrasblancas-matasano,1.0,1.0,0.0,0.0,0,-75.537896875,6.28138020961
piedrasblancasrepresa,1.0,0.5,0.5,0.0,0,-75.52019766975,6.2544535373225
playóndeloscomuneros,1.672340425531915,1.0936170212765957,0.574468085106383,0.00425531914893617,0,-75.55356269654962,6.306363861510559
plazadeferias,1.2522522522522523,0.7657657657657657,0.47747747747747743,0.009009009009009009,0,-75.56728592730936,6.297853427694676
popular,1.8900709219858158,1.351063829787234,0.5390070921985816,0.0,0,-75.54831270191558,6.2991946853025516
potrerito,1.0,1.0,0.0,0.0,0,-75.66509856,6.1881143988
prado,6.414835164835165,3.7417582417582413,2.659340659340659,0.013736263736263736,2,-75.56252912327024,6.258801178113258
robledo,3.5751445086705202,2.5635838150289016,1.0028901734104045,0.008670520231213872,2,-75.59672975868311,6.275706297795029
rosales,4.8264462809917354,2.5785123966942147,2.242424242424242,0.005509641873278237,2,-75.59086804681793,6.234014186878054
sanantonio,1.0588235294117647,0.9411764705882352,0.11764705882352941,0.0,0,-75.53820051016666,6.238469888314722
sanbenito,9.62568306010929,4.259562841530054,5.327868852459017,0.03825136612021858,1,-75.57366359418222,6.25369253911981
sanbernardo,3.5446927374301676,2.125698324022346,1.410614525139665,0.008379888268156424,2,-75.59678345069031,6.225855727972561
sandiego,8.920765027322405,3.530054644808743,5.382513661202186,0.00819672131147541,1,-75.5691289176879,6.2331336618861535
sangermán,3.058651026392962,1.6363636363636365,1.4193548387096775,0.002932551319648094,2,-75.59038628414766,6.269163406839463
sanisidro,3.4730878186968837,2.4957507082152977,0.9773371104815864,0.0,2,-75.56108084826998,6.285901769247268
sanjavierno.1,2.4498480243161094,1.6778115501519757,0.7720364741641337,0.0,0,-75.61679762144914,6.255594543234739
sanjavierno.2,1.4811320754716981,0.919811320754717,0.5566037735849056,0.0047169811320754715,0,-75.61420518648407,6.25755882947707
sanjoaquín,2.227891156462585,1.0238095238095237,1.2040816326530612,0.0,0,-75.58465810831756,6.246681986593451
sanjosedelmanzanillo,1.0,0.0,1.0,0.0,0,-75.61462885,6.20574316341
sanjosédelamontaña,1.0,0.6666666666666666,0.3333333333333333,0.0,0,-75.63840808533334,6.3035916609300005
sanjosélacimano.1,1.0526315789473684,0.8947368421052632,0.15789473684210525,0.0,0,-75.54332360635,6.28321357446075
sanjosélacimano.2,1.0476190476190477,1.0,0.047619047619047616,0.0,0,-75.54417322090909,6.279162950758181
sanlucas,1.4840182648401827,0.3424657534246575,1.1415525114155252,0.0,0,-75.56640287884615,6.182263758516461
sanmartíndeporres,2.263157894736842,1.6873065015479876,0.5727554179566563,0.0030959752321981426,0,-75.5812273503502,6.294114733120547
sanmiguel,2.933734939759036,2.0572289156626504,0.8765060240963856,0.0,2,-75.55699821033573,6.255035576029558
sanpablo,1.6583333333333334,1.2875,0.3708333333333333,0.0,0,-75.550210308,6.284558679063919
sanpedro,2.9852507374631267,1.640117994100295,1.3421828908554572,0.0029498525073746312,2,-75.56149217200593,6.265324267152254
santacruz,1.5950413223140496,1.1900826446280992,0.40082644628099173,0.004132231404958678,0,-75.56008532930052,6.292819746646476
santaelenasectorcentral,1.0,0.5,0.5,0.0,0,-75.5070940555,6.2064521159999995
santafé,10.844262295081968,5.948087431693989,4.87431693989071,0.02185792349726776,1,-75.57981139470674,6.222720541030955
santainés,2.152317880794702,1.5463576158940397,0.6059602649006622,0.0,0,-75.54824775238768,6.272213339096554
santalucía,1.4411764705882353,0.9019607843137255,0.5392156862745098,0.0,0,-75.6063883797789,6.258194956743299
santamargarita,1.6666666666666667,1.251082251082251,0.4112554112554113,0.004329004329004329,0,-75.61413640182337,6.276223803046442
santamaríadelosángeles,3.5811965811965814,1.4615384615384615,2.116809116809117,0.002849002849002849,2,-75.5799230372307,6.191709599720772
santamónica,1.6226415094339623,1.0566037735849056,0.5622641509433962,0.0037735849056603774,0,-75.61389449218372,6.247654176795279
santander,2.2151898734177213,1.7468354430379749,0.4651898734177215,0.0031645569620253164,0,-75.57602752679286,6.3060497854345146
santarosadelima,1.0,0.6896551724137931,0.3103448275862069,0.0,0,-75.6062182066207,6.262986580053103
santateresita,1.6267281105990783,0.8617511520737328,0.7649769585253456,0.0,0,-75.6106150212068,6.243560198630425
santodomingosaviono.1,1.9930555555555556,1.5659722222222223,0.4270833333333333,0.0,0,-75.54410214076132,6.2960149792992155
santodomingosaviono.2,1.3162393162393162,1.0256410256410255,0.2905982905982906,0.0,0,-75.54138981854545,6.298123221241753
sevilla,4.327635327635328,2.358974358974359,1.9601139601139599,0.008547008547008548,2,-75.5656663944898,6.265060280087064
simónbolívar,1.9052631578947368,1.024561403508772,0.8807017543859648,0.0,0,-75.60544844052119,6.244881096922523
sininf,1.0,0.0,0.0,1.0,0,-75.703776276,6.22141524356
sinnombre,1.0,0.75,0.25,0.0,0,-75.60104245,6.27038072617
suburbanoaguasfrias,1.0,0.8,0.2,0.0,0,-75.6373145414,6.232402550046
suburbanoaltavista,1.0704225352112675,0.8309859154929577,0.23943661971830985,0.0,0,-75.62729279819736,6.223081824460921
suburbanoelllano,1.0256410256410255,0.5128205128205128,0.48717948717948717,0.02564102564102564,0,-75.58933619857501,6.25522067954475
suburbanoelplan,1.2941176470588236,1.0588235294117647,0.23529411764705882,0.0,0,-75.5278558675,6.200654472932727
suburbanoeltesoro,1.05,0.55,0.5,0.0,0,-75.55390107109524,6.184646893855715
suburbanolacuchilla,1.0,0.0,1.0,0.0,0,-75.6514892615,6.288786992305
suburbanolaloma,1.435897435897436,0.9641025641025641,0.4717948717948718,0.0,0,-75.62966904062142,6.2709625045485
suburbanolapalma-elpatio,1.0,0.3333333333333333,0.6666666666666666,0.0,0,-75.64363129633334,6.2763771758999995
suburbanomiradordelpoblado,1.0897435897435896,0.6666666666666666,0.42307692307692313,0.0,0,-75.54924178604706,6.214014319692001
suburbanopalmapatio,1.064516129032258,0.5483870967741935,0.5161290322580645,0.0,0,-75.6439900418788,6.275346125427576
suburbanopalmitas,1.0,0.3333333333333333,0.6666666666666666,0.0,0,-75.69058707533333,6.342857878156667
suburbanopedregalalto,1.037037037037037,0.9629629629629629,0.07407407407407407,0.0,0,-75.63099888385715,6.285713206503215
suburbanopiedragorda,1.0,0.0,1.0,0.0,0,-75.500234019,6.23763750451
suburbanopotrerito,1.0,1.0,0.0,0.0,0,-75.66561637375,6.183475523845
suburbanotravesias,1.1728395061728396,0.8888888888888888,0.2839506172839506,0.0,0,-75.64213884550526,6.281851364950526
suburbelplan,1.2448979591836735,0.9591836734693876,0.2857142857142857,0.0,0,-75.5276803597377,6.201421018345574
sucre,2.47741935483871,1.7225806451612902,0.7451612903225806,0.00967741935483871,0,-75.55293595573828,6.245232775659492
suramericana,5.153846153846154,2.2967032967032965,2.8543956043956045,0.0027472527472527475,2,-75.58194920580063,6.253778050746466
tejelo,2.590909090909091,1.9363636363636363,0.6515151515151515,0.0030303030303030303,2,-75.5689426981193,6.305364633748292
tenche,3.2564841498559076,1.5878962536023056,1.6628242074927955,0.005763688760806916,2,-75.5806066557239,6.230999587623124
terminaldetransporte,8.696721311475411,4.120218579234972,4.573770491803279,0.00273224043715847,1,-75.57249652800125,6.276223393818279
toscana,3.6303724928366763,2.0601719197707737,1.547277936962751,0.022922636103151862,2,-75.5590973837727,6.308171074870048
travesías,1.0,0.0,1.0,0.0,0,-75.641978301,6.27884141219
trecedenoviembre,1.1875,0.6125,0.575,0.0,0,-75.54122741346316,6.245394116057052
tricentenario,3.2748538011695905,1.8538011695906433,1.409356725146199,0.011695906432748537,2,-75.56766365668571,6.291698444522367
trinidad,3.5859154929577466,2.076056338028169,1.504225352112676,0.005633802816901409,2,-75.58309132741948,6.2265572699247835
u.d.atanasiogirardot,1.6485148514851484,0.9108910891089109,0.7376237623762376,0.0,0,-75.59175644303905,6.256514848921562
u.p.b.,1.1932773109243697,0.4285714285714286,0.764705882352941,0.0,0,-75.58930928820422,6.242606200112958
universidaddeantioquia,3.110787172011662,1.7755102040816326,1.3265306122448979,0.008746355685131196,2,-75.57045639519963,6.264906708562053
universidadnacional,5.527624309392265,2.8701657458563536,2.651933701657459,0.0055248618784530384,2,-75.57446087865468,6.262764727858055
veintedejulio,1.6541666666666666,1.2916666666666667,0.35833333333333334,0.004166666666666667,0,-75.62030108721159,6.251644610424055
versallesno.1,2.1050847457627118,1.4983050847457626,0.6067796610169491,0.0,0,-75.54433989521256,6.264516157394718
versallesno.2,1.1333333333333333,0.7066666666666667,0.4266666666666667,0.0,0,-75.54093937435294,6.264809261287059
villacarlota,7.178082191780822,2.9068493150684933,4.257534246575342,0.0136986301369863,1,-75.57524568509237,6.218856152962329
villadelsocorro,1.9728682170542633,1.317829457364341,0.6550387596899225,0.0,0,-75.55277455897249,6.294551697661827
villaflora,2.923076923076923,1.911242603550296,1.0118343195266273,0.0,2,-75.58997612076317,6.278322050595497
villaguadalupe,1.736842105263158,1.3157894736842106,0.41729323308270677,0.0037593984962406013,0,-75.55146163731169,6.287008760909048
villahermosa,2.2012987012987013,1.6331168831168832,0.564935064935065,0.003246753246753247,0,-75.55151947676401,6.257562280305295
villaliliam,1.2063492063492063,0.9206349206349206,0.2698412698412698,0.015873015873015872,0,-75.53341152366447,6.23536435624954
villalilliam,1.0,0.8333333333333334,0.16666666666666666,0.0,0,-75.533054129,6.23599509531
villaniza,1.3392857142857142,0.8809523809523809,0.4583333333333333,0.0,0,-75.55842295672001,6.295854988900134
villanueva,10.136612021857923,4.816939890710382,5.306010928961748,0.01366120218579235,1,-75.56329015964852,6.253578461820574
villatina,2.055944055944056,1.5314685314685315,0.5244755244755245,0.0,0,-75.54033090477552,6.236950031642585
villaturbay,1.0384615384615385,0.8653846153846154,0.17307692307692307,0.0,0,-75.53026180951852,6.236353411925926
volcanaguayabal,1.0,1.0,0.0,0.0,0,-75.61702449033334,6.309409516620001
yarumalito,1.0,1.0,0.0,0.0,0,-75.692251121,6.22029043629
yolombo,1.0909090909090908,0.6666666666666666,0.42424242424242425,0.0,0,-75.61170338855555,6.294476427625
áreadeexpansiónaltavista,1.0,1.0,0.0,0.0,0,-75.61430904290908,6.221046124527273
áreadeexpansiónaltosdecalasanz,1.1313131313131313,0.5959595959595959,0.5353535353535354,0.0,0,-75.60574854871427,6.269884629705179
áreadeexpansiónpajarito,3.0206489675516224,2.312684365781711,0.6991150442477876,0.008849557522123894,2,-75.61478218523926,6.282336387318506
áreadeexpansiónsanantoniodeprado,1.0945945945945945,0.7972972972972973,0.2972972972972973,0.0,0,-75.65466879364197,6.18005200263358
